sale_date,total_revenue,net_revenue,gross_profit,total_quantity_sold,gross_margin_percentage
2023-01-01,1099209.37,1002387.65,444505.94,2829,44.34
2023-01-02,1115462.23,1005327.32,434190.52,2949,43.19
2023-01-03,1255588.68,1142318.81,503100.88,3134,44.04
2023-01-04,1173746.75,1066020.47,479694.37,2898,45.00
2023-01-05,1179064.03,1063609.96,458222.03,3077,43.08
2023-01-06,1096008.08,998373.21,438737.65,2779,43.95
2023-01-07,1192208.31,1079468.06,465855.90,3042,43.16
2023-01-08,1032347.60,932290.86,404299.93,2637,43.37
2023-01-09,1191064.92,1081240.70,465853.28,3096,43.09
2023-01-10,1175638.21,1063998.64,460335.20,3016,43.26
2023-01-11,1067111.99,965039.25,409623.76,2758,42.45
2023-01-12,1104709.61,1000340.28,441461.69,2822,44.13
2023-01-13,1144453.11,1040694.81,436385.63,3108,41.93
2023-01-14,1143100.32,1046300.99,463783.21,2939,44.33
2023-01-15,1278557.79,1154326.51,500429.40,3220,43.35
2023-01-16,1113319.46,1009978.67,432372.08,2938,42.81
2023-01-17,1072474.25,976706.44,426505.41,2801,43.67
2023-01-18,1130962.70,1024256.40,445443.69,2924,43.49
2023-01-19,1148859.52,1043268.28,455687.49,2922,43.68
2023-01-20,1092432.43,990546.75,436380.95,2761,44.05
2023-01-21,1168020.92,1062700.60,468566.24,2954,44.09
2023-01-22,1078912.99,980302.18,428069.46,2755,43.67
2023-01-23,1121067.87,1024144.46,453017.49,2926,44.23
2023-01-24,1163451.09,1053665.32,471429.63,2894,44.74
2023-01-25,1195062.42,1082415.29,467300.67,3021,43.17
2023-01-26,1120620.12,1014843.90,448007.60,2899,44.15
2023-01-27,1193956.48,1081763.04,474426.81,2990,43.86
2023-01-28,1107561.96,996496.29,433517.20,2873,43.50
2023-01-29,1138351.25,1028580.85,457935.51,2846,44.52
2023-01-30,1230520.12,1111303.48,475534.41,3114,42.79
2023-01-31,1136665.79,1027551.40,446774.41,2931,43.48
2023-02-01,1140435.31,1036723.40,448615.45,2856,43.27
2023-02-02,1083835.55,988245.10,435418.42,2784,44.06
2023-02-03,1241012.41,1119199.25,485778.34,3041,43.40
2023-02-04,1080801.58,979378.61,430369.35,2801,43.94
2023-02-05,1111917.10,1015800.83,440413.61,2953,43.36
2023-02-06,1163819.87,1052977.86,474474.27,2945,45.06
2023-02-07,1097235.78,992696.81,424093.82,2944,42.72
2023-02-08,1220876.93,1112858.77,497236.76,2992,44.68
2023-02-09,1237787.92,1119050.17,477998.75,3134,42.71
2023-02-10,1170500.25,1059942.64,456186.30,3149,43.04
2023-02-11,1181553.60,1073995.54,478762.65,2962,44.58
2023-02-12,1225945.06,1112684.89,487156.19,3161,43.78
2023-02-13,1134262.37,1029993.01,446198.22,2916,43.32
2023-02-14,1096796.37,994694.89,436416.69,2779,43.87
2023-02-15,1092380.27,987123.21,429947.82,2776,43.56
2023-02-16,1160239.24,1041761.77,452631.19,2888,43.45
2023-02-17,1182382.29,1066426.07,461128.79,3051,43.24
2023-02-18,1126925.66,1022660.34,453712.65,2804,44.37
2023-02-19,1132603.87,1033099.02,448353.85,3003,43.40
2023-02-20,1204475.05,1096410.98,474983.90,3162,43.32
2023-02-21,1185788.69,1077031.09,461328.37,3116,42.83
2023-02-22,1311987.89,1185068.79,511295.68,3233,43.14
2023-02-23,1111034.42,1000872.04,415646.90,2950,41.53
2023-02-24,1188341.16,1078886.51,457780.98,3124,42.43
2023-02-25,1149042.47,1043012.97,455531.45,2990,43.67
2023-02-26,1173954.95,1070170.80,475608.61,3092,44.44
2023-02-27,1127361.86,1019142.73,442071.95,2907,43.38
2023-02-28,1157016.36,1051173.75,468948.81,3041,44.61
2023-03-01,1052603.54,957013.00,423986.23,2642,44.30
2023-03-02,1167696.95,1060740.97,474011.04,3051,44.69
2023-03-03,1081939.41,983657.54,421487.31,2894,42.85
2023-03-04,1115214.40,1018097.29,451231.97,2906,44.32
2023-03-05,1166362.41,1056946.42,463955.22,2964,43.90
2023-03-06,1143004.03,1037773.06,459955.20,3020,44.32
2023-03-07,1039611.40,948044.26,411076.41,2779,43.36
2023-03-08,1160151.56,1043013.71,452472.35,2951,43.38
2023-03-09,1132427.86,1030402.51,459719.53,2896,44.62
2023-03-10,1335573.96,1209859.73,539897.50,3321,44.62
2023-03-11,1063537.67,965575.66,429844.74,2694,44.52
2023-03-12,1181372.84,1074616.07,465784.86,3042,43.34
2023-03-13,1186194.02,1069630.88,463873.13,3025,43.37
2023-03-14,1025215.00,933080.07,401649.44,2677,43.05
2023-03-15,1121559.32,1018507.03,449902.86,2997,44.17
2023-03-16,1227330.90,1111172.09,502446.93,3068,45.22
2023-03-17,1159585.96,1060751.76,478974.17,2975,45.15
2023-03-18,1064129.32,967282.67,430174.57,2797,44.47
2023-03-19,1148198.25,1047006.13,460533.70,2868,43.99
2023-03-20,1128816.81,1029425.29,458905.18,2859,44.58
2023-03-21,1158997.25,1055486.06,461012.52,2868,43.68
2023-03-22,1201929.44,1084596.57,465934.13,2958,42.96
2023-03-23,1091058.66,987262.33,433799.65,2833,43.94
2023-03-24,1079080.84,975312.94,425120.53,2744,43.59
2023-03-25,1182768.56,1079578.43,476966.79,3182,44.18
2023-03-26,1124585.74,1021205.37,443223.05,2982,43.40
2023-03-27,1205268.88,1096965.84,497109.98,2996,45.32
2023-03-28,1109075.24,1000286.24,432830.97,2878,43.27
2023-03-29,1238591.02,1122158.01,477807.35,3215,42.58
2023-03-30,1074623.65,977496.39,426078.94,2726,43.59
2023-03-31,1221801.44,1105748.08,491368.83,3040,44.44
2023-04-01,1176884.85,1060697.96,456581.54,2974,43.05
2023-04-02,1009961.76,916497.90,407136.59,2623,44.42
2023-04-03,1203339.62,1094544.25,483208.64,3080,44.15
2023-04-04,1147813.60,1041131.47,466877.31,2945,44.84
2023-04-05,1107069.96,999799.35,433097.63,2911,43.32
2023-04-06,1140207.15,1033612.07,461643.40,2948,44.66
2023-04-07,1182709.19,1077309.40,463996.03,3019,43.07
2023-04-08,1091445.88,997169.71,431096.57,2855,43.23
2023-04-09,1177469.98,1074043.17,476573.43,2949,44.37
2023-04-10,1277334.40,1157885.02,519519.50,3100,44.87
2023-04-11,1103292.48,1006676.76,442288.00,2944,43.94
2023-04-12,1155124.45,1054494.20,463409.12,2874,43.95
2023-04-13,1156690.16,1052959.91,463210.56,2919,43.99
2023-04-14,1146232.05,1038202.77,453584.96,3030,43.69
2023-04-15,1279614.06,1150876.73,507191.90,3072,44.07
2023-04-16,1198025.70,1089604.00,488190.90,3043,44.80
2023-04-17,1158064.22,1041512.71,447180.06,2926,42.94
2023-04-18,1158248.35,1046917.58,454418.78,2931,43.41
2023-04-19,1052148.22,948546.79,406865.83,2841,42.89
2023-04-20,1267495.45,1157749.99,517157.35,3122,44.67
2023-04-21,1202663.80,1088636.25,470202.41,2962,43.19
2023-04-22,1111145.11,1006045.21,431709.47,2839,42.91
2023-04-23,1093680.54,988181.54,429795.55,2796,43.49
2023-04-24,1120913.29,1013054.13,435057.77,2969,42.95
2023-04-25,1108525.48,1013822.57,443368.81,2828,43.73
2023-04-26,1146068.81,1039659.75,445383.30,2954,42.84
2023-04-27,1091628.04,977948.64,410271.77,2794,41.95
2023-04-28,1212332.55,1103457.37,484302.35,3102,43.89
2023-04-29,1180140.38,1069896.80,461398.95,2860,43.13
2023-04-30,1179432.89,1070304.94,458101.97,3035,42.80
2023-05-01,1112212.83,1003014.08,435988.69,2977,43.47
2023-05-02,1166698.91,1061538.57,463678.49,3005,43.68
2023-05-03,1154480.28,1046795.75,472865.05,2936,45.17
2023-05-04,1217771.97,1114057.67,493667.99,3052,44.31
2023-05-05,1178753.24,1067121.99,482330.19,2986,45.20
2023-05-06,1134902.36,1037355.72,457881.73,2797,44.14
2023-05-07,1106387.66,996503.05,420387.94,2918,42.19
2023-05-08,1226716.37,1108518.78,480773.24,3154,43.37
2023-05-09,1151310.49,1048685.60,462736.19,2938,44.13
2023-05-10,1082176.09,972213.70,419912.68,2825,43.19
2023-05-11,1147384.24,1050996.25,468064.63,2963,44.54
2023-05-12,1162551.95,1052921.00,457694.95,3034,43.47
2023-05-13,1191541.56,1077186.60,469007.98,3138,43.54
2023-05-14,1159395.84,1050919.00,453933.41,3003,43.19
2023-05-15,1176375.54,1066363.06,477690.17,2974,44.80
2023-05-16,1241101.10,1124694.46,494330.32,3139,43.95
2023-05-17,1194308.33,1082333.01,470735.05,3134,43.49
2023-05-18,1148280.94,1040359.15,455047.82,2895,43.74
2023-05-19,1260767.81,1140465.66,490967.09,3143,43.05
2023-05-20,1192593.91,1076716.89,484408.37,3054,44.99
2023-05-21,1167097.19,1055064.38,466750.40,2967,44.24
2023-05-22,1168640.86,1050375.78,439144.20,2968,41.81
2023-05-23,1223578.67,1106127.57,484293.04,3061,43.78
2023-05-24,1187731.95,1072287.23,456169.45,3071,42.54
2023-05-25,1273069.01,1157264.17,502295.29,3273,43.40
2023-05-26,1026829.12,933127.69,414380.41,2564,44.41
2023-05-27,1116845.64,1009445.84,436768.18,2845,43.27
2023-05-28,1102939.16,1001829.63,447019.71,2805,44.62
2023-05-29,1142693.85,1040248.96,449866.13,3048,43.25
2023-05-30,1079391.26,978514.19,435939.57,2666,44.55
2023-05-31,1106069.87,993255.67,422966.95,2774,42.58
2023-06-01,1148635.29,1037679.89,463486.01,2976,44.67
2023-06-02,1166125.49,1059947.17,477553.42,2873,45.05
2023-06-03,1095939.50,994599.16,437255.44,2761,43.96
2023-06-04,1095739.15,989990.99,419910.49,2790,42.42
2023-06-05,1105259.25,1001412.32,438612.03,2796,43.80
2023-06-06,1186471.50,1083919.93,484007.98,3060,44.65
2023-06-07,1070653.63,971370.84,415916.35,2798,42.82
2023-06-08,1057382.71,953698.27,406925.73,2789,42.67
2023-06-09,1096502.08,994919.67,431226.07,2858,43.34
2023-06-10,1173839.05,1065576.69,472017.19,2973,44.30
2023-06-11,1098901.50,999470.14,435966.99,2771,43.62
2023-06-12,1191915.70,1088290.29,476531.29,3034,43.79
2023-06-13,1172448.10,1065234.11,460709.85,3002,43.25
2023-06-14,1095034.55,988448.00,428348.09,2892,43.34
2023-06-15,1171188.88,1056899.34,468340.02,2944,44.31
2023-06-16,1132518.87,1020424.92,447755.65,2906,43.88
2023-06-17,1175633.20,1075172.12,470207.17,3028,43.73
2023-06-18,1109879.55,1008235.01,440524.75,2900,43.69
2023-06-19,1050383.49,950984.08,405734.47,2764,42.66
2023-06-20,1173362.66,1070192.60,470398.28,3060,43.95
2023-06-21,1232786.62,1116805.08,486482.09,3009,43.56
2023-06-22,1090103.41,994450.52,443436.24,2848,44.59
2023-06-23,1135027.74,1035202.05,451073.19,2935,43.57
2023-06-24,1048433.73,952015.34,417133.82,2854,43.82
2023-06-25,1079576.32,979328.35,422406.26,2860,43.13
2023-06-26,1104489.74,1004467.26,441690.54,2819,43.97
2023-06-27,1051255.29,961405.42,427129.29,2768,44.43
2023-06-28,1119305.12,1011272.81,447837.84,2904,44.28
2023-06-29,1200481.05,1095209.52,479977.94,3086,43.83
2023-06-30,1211044.97,1101962.37,486256.65,3019,44.13
2023-07-01,1179891.27,1068335.61,460010.54,2980,43.06
2023-07-02,1127014.15,1022140.90,437806.36,2969,42.83
2023-07-03,1174986.86,1075913.64,481759.56,2971,44.78
2023-07-04,1103171.90,1006468.18,446025.83,2906,44.32
2023-07-05,1172972.98,1068947.74,476576.25,2899,44.58
2023-07-06,1215309.25,1112486.26,496908.17,3086,44.67
2023-07-07,1093321.71,989561.95,429457.66,2809,43.40
2023-07-08,1145990.66,1036014.99,447369.12,3063,43.18
2023-07-09,1132019.48,1026809.26,447982.74,2893,43.63
2023-07-10,1212494.07,1103977.43,488582.26,3085,44.26
2023-07-11,1115176.98,1010717.79,437908.16,2858,43.33
2023-07-12,1137015.53,1036069.85,465635.84,2901,44.94
2023-07-13,1142713.02,1043929.02,453817.87,2923,43.47
2023-07-14,1122202.77,1011898.11,433689.63,2765,42.86
2023-07-15,1145769.27,1035565.54,445384.46,2961,43.01
2023-07-16,1118064.98,1008263.57,439860.39,2864,43.63
2023-07-17,1232176.54,1117577.28,486092.22,3079,43.50
2023-07-18,1031049.68,927532.06,399183.92,2691,43.04
2023-07-19,1132421.67,1021531.60,448306.75,2912,43.89
2023-07-20,1103688.37,998724.36,426822.32,2843,42.74
2023-07-21,1111408.60,1011248.13,447015.28,2951,44.20
2023-07-22,1055456.34,967617.97,424799.48,2738,43.90
2023-07-23,1102725.02,998471.83,431787.34,2838,43.24
2023-07-24,1191699.29,1066929.96,462336.88,2945,43.33
2023-07-25,1170452.24,1061851.82,461795.39,2953,43.49
2023-07-26,1176876.05,1062988.54,459167.64,3011,43.20
2023-07-27,1099436.13,1003325.54,440093.93,2890,43.86
2023-07-28,1206450.65,1091639.28,466294.77,3091,42.72
2023-07-29,1109881.85,1001993.75,432246.39,2873,43.14
2023-07-30,1059529.26,964307.79,424676.16,2762,44.04
2023-07-31,1148763.13,1042200.69,451566.38,2958,43.33
2023-08-01,1091342.28,995209.52,434547.72,2680,43.66
2023-08-02,1096897.84,995340.10,433262.44,2889,43.53
2023-08-03,1149228.07,1036034.90,442184.07,2983,42.68
2023-08-04,1082611.24,974302.92,403252.37,2723,41.39
2023-08-05,1107465.31,1007605.87,443598.13,2862,44.02
2023-08-06,1181055.89,1075175.30,477177.22,2975,44.38
2023-08-07,1149093.63,1046766.36,460818.06,2953,44.02
2023-08-08,1118421.67,1000173.05,433113.75,2902,43.30
2023-08-09,1132172.48,1023172.37,445558.26,2917,43.55
2023-08-10,1123957.19,1019222.74,443200.88,2862,43.48
2023-08-11,1189342.19,1085585.54,487836.66,2947,44.94
2023-08-12,1043280.56,945729.13,416223.82,2716,44.01
2023-08-13,1139544.08,1035227.88,470487.34,2950,45.45
2023-08-14,1137832.44,1028807.27,447345.02,2887,43.48
2023-08-15,1116739.41,1007863.73,448487.62,2854,44.50
2023-08-16,1164882.76,1059352.60,461798.33,2866,43.59
2023-08-17,1163613.98,1050556.29,461798.22,2990,43.96
2023-08-18,1153435.94,1037086.60,446186.98,2936,43.02
2023-08-19,1124532.65,1016389.44,441160.90,2867,43.40
2023-08-20,1064115.58,963808.01,406944.61,2818,42.22
2023-08-21,1154808.60,1046525.86,441904.01,2966,42.23
2023-08-22,1135394.69,1032436.73,444745.85,2841,43.08
2023-08-23,1154793.82,1045774.82,462320.93,2977,44.21
2023-08-24,1167226.04,1057070.94,452370.00,3004,42.79
2023-08-25,1142906.43,1038684.38,452042.41,3080,43.52
2023-08-26,1114116.24,1002859.23,429314.30,2855,42.81
2023-08-27,1145808.77,1042719.37,461457.38,2910,44.26
2023-08-28,1116336.26,1023598.20,459698.43,2829,44.91
2023-08-29,1214827.94,1107158.87,483016.84,3100,43.63
2023-08-30,1125947.86,1021895.91,441831.12,2970,43.24
2023-08-31,1118484.40,1010832.90,429734.47,2876,42.51
2023-09-01,1198170.19,1090580.49,480791.80,2992,44.09
2023-09-02,1099868.67,998092.08,430790.47,2834,43.16
2023-09-03,1132907.70,1028730.50,449144.72,2987,43.66
2023-09-04,1152440.21,1040999.37,452245.50,2986,43.44
2023-09-05,1088454.20,982592.53,428532.21,2831,43.61
2023-09-06,1153103.66,1045039.66,458783.55,2868,43.90
2023-09-07,1135658.74,1022102.34,449152.04,2822,43.94
2023-09-08,1305564.29,1175819.00,514517.47,3322,43.76
2023-09-09,1135202.58,1027614.17,450442.52,3003,43.83
2023-09-10,1203847.45,1083955.74,477660.77,2952,44.07
2023-09-11,1149987.26,1042014.63,446864.94,2989,42.88
2023-09-12,1137415.82,1025351.68,440858.11,3001,43.00
2023-09-13,1202418.80,1095423.73,492924.43,3038,45.00
2023-09-14,1098018.37,993869.83,434989.43,2876,43.77
2023-09-15,1056545.81,962518.56,428762.30,2748,44.55
2023-09-16,1093955.81,992899.33,435171.80,2808,43.83
2023-09-17,1196629.81,1079730.74,468764.12,2975,43.41
2023-09-18,1131755.46,1020245.28,433576.13,2909,42.50
2023-09-19,1114432.44,1004882.52,432595.02,2891,43.05
2023-09-20,1104828.05,1000968.19,428599.52,2782,42.82
2023-09-21,1177790.60,1056969.82,452929.20,3056,42.85
2023-09-22,1212243.16,1099361.83,478963.54,3014,43.57
2023-09-23,1061485.95,961096.19,410648.95,2884,42.73
2023-09-24,1076785.09,981113.59,421330.04,2756,42.94
2023-09-25,1201936.92,1094542.66,489352.61,3000,44.71
2023-09-26,1128416.69,1022126.20,447230.18,2874,43.75
2023-09-27,1222200.88,1107652.79,496861.19,3025,44.86
2023-09-28,1129643.87,1024587.04,451980.54,2875,44.11
2023-09-29,1091608.45,982105.32,419397.14,2941,42.70
2023-09-30,1073196.15,977837.46,429219.35,2745,43.89
2023-10-01,1130319.10,1017572.02,440734.62,2956,43.31
2023-10-02,1133218.14,1035892.67,454959.44,2819,43.92
2023-10-03,1139754.23,1032153.80,443591.14,2921,42.98
2023-10-04,1190947.51,1077565.41,479432.22,3014,44.49
2023-10-05,1058747.73,961684.46,410461.84,2822,42.68
2023-10-06,1224314.39,1121650.18,497649.17,3055,44.37
2023-10-07,1167402.85,1051844.71,447532.60,2990,42.55
2023-10-08,1073247.59,971415.15,414351.57,2860,42.65
2023-10-09,1120198.27,1012088.02,444574.34,2905,43.93
2023-10-10,1146877.73,1035481.78,455878.91,2862,44.03
2023-10-11,1018864.60,920416.29,400190.53,2719,43.48
2023-10-12,1125252.53,1023141.70,447578.02,2874,43.75
2023-10-13,1180533.29,1079447.98,479809.96,3000,44.45
2023-10-14,1079387.35,989777.83,431231.32,2748,43.57
2023-10-15,1098097.10,995557.29,433156.10,2827,43.51
2023-10-16,1064889.68,967753.50,430053.26,2688,44.44
2023-10-17,1106086.36,996116.55,422787.01,2857,42.44
2023-10-18,1167932.11,1064079.02,476645.18,2974,44.79
2023-10-19,1092736.21,986026.95,424954.00,2872,43.10
2023-10-20,1158211.50,1051347.24,450785.27,2933,42.88
2023-10-21,1162875.72,1052714.84,462535.17,3007,43.94
2023-10-22,1089310.00,994349.73,446379.48,2815,44.89
2023-10-23,1140377.84,1037217.86,463203.35,2846,44.66
2023-10-24,1233732.36,1121855.46,483768.94,3135,43.12
2023-10-25,1111901.75,1007305.19,442544.81,2888,43.93
2023-10-26,1156436.73,1040808.95,457645.07,2989,43.97
2023-10-27,1148629.74,1037394.21,442169.04,3018,42.62
2023-10-28,1178872.81,1076610.12,470870.60,3053,43.74
2023-10-29,1194566.93,1082805.28,466386.56,3079,43.07
2023-10-30,1186821.67,1076554.98,476841.00,3009,44.29
2023-10-31,1100710.85,1002040.52,438706.42,2729,43.78
2023-11-01,1125391.12,1014123.26,453270.66,2814,44.70
2023-11-02,1089469.54,980310.39,416903.39,2862,42.53
2023-11-03,1194992.49,1079346.21,478364.94,3002,44.32
2023-11-04,1071441.40,973865.13,424650.61,2783,43.60
2023-11-05,1052751.79,962056.55,415441.39,2756,43.18
2023-11-06,1127927.77,1016373.41,430056.80,2897,42.31
2023-11-07,1110529.11,1007766.94,435981.42,2875,43.26
2023-11-08,1043725.60,942363.90,410133.78,2699,43.52
2023-11-09,1109307.33,1002714.74,451244.42,2765,45.00
2023-11-10,1153240.13,1045187.71,452096.26,2928,43.26
2023-11-11,1292949.44,1173281.10,513077.47,3162,43.73
2023-11-12,1125407.02,1019619.15,440631.16,2898,43.22
2023-11-13,1178290.50,1068015.55,469890.55,2985,44.00
2023-11-14,1149686.38,1050787.28,461085.89,2923,43.88
2023-11-15,1169355.90,1052278.32,456321.71,3011,43.37
2023-11-16,1160698.32,1047834.82,462440.18,2888,44.13
2023-11-17,1107971.56,1002668.61,427208.16,2818,42.61
2023-11-18,1141095.98,1034245.36,457871.83,2800,44.27
2023-11-19,1113841.23,1017133.14,455434.89,2795,44.78
2023-11-20,1071483.39,970922.76,428089.41,2831,44.09
2023-11-21,1206007.97,1087135.59,473373.38,3123,43.54
2023-11-22,1125531.04,1018771.80,438660.54,2925,43.06
2023-11-23,1131734.36,1028001.91,451199.97,2889,43.89
2023-11-24,1074219.27,974024.36,423319.33,2813,43.46
2023-11-25,1072428.52,968751.91,425871.71,2721,43.96
2023-11-26,1174052.12,1062861.76,465695.09,2917,43.82
2023-11-27,1166378.93,1059896.79,465945.23,2978,43.96
2023-11-28,1262366.07,1137130.87,491325.30,3252,43.21
2023-11-29,1098745.35,995530.43,436348.96,2704,43.83
2023-11-30,1174940.36,1071003.17,457975.00,3062,42.76
2023-12-01,1167570.56,1071252.00,479947.56,2976,44.80
2023-12-02,1172280.77,1064558.54,462358.55,3019,43.43
2023-12-03,1084617.51,982362.23,424575.59,2923,43.22
2023-12-04,1066694.38,965255.37,423209.80,2725,43.84
2023-12-05,1279563.38,1153404.76,500122.96,3120,43.36
2023-12-06,1233821.75,1116961.45,499725.31,3114,44.74
2023-12-07,1158022.47,1048182.63,454254.72,3026,43.34
2023-12-08,1248313.58,1127178.22,495147.62,3181,43.93
2023-12-09,1200997.17,1080996.92,473932.17,2979,43.84
2023-12-10,1140942.22,1032360.71,452285.08,2873,43.81
2023-12-11,1142474.98,1038442.51,455403.42,2854,43.85
2023-12-12,1248605.47,1135699.73,502597.07,3150,44.25
2023-12-13,1088475.47,991546.56,433422.06,2764,43.71
2023-12-14,1147874.70,1041762.87,453005.51,2901,43.48
2023-12-15,1199479.92,1093840.82,481383.89,3025,44.01
2023-12-16,1186860.04,1072222.14,470374.71,3044,43.87
2023-12-17,1154325.75,1037024.56,442425.59,2976,42.66
2023-12-18,1121308.47,1016071.59,443621.46,2941,43.66
2023-12-19,1064243.38,975474.34,430291.05,2743,44.11
2023-12-20,995879.36,910324.57,391305.84,2695,42.99
2023-12-21,1125289.92,1020205.07,444428.80,2924,43.56
2023-12-22,1059004.64,954168.20,416952.36,2748,43.70
2023-12-23,1160720.04,1053107.63,458438.89,2953,43.53
2023-12-24,1132670.95,1033194.16,458068.04,2846,44.34
2023-12-25,1179709.63,1072796.63,471490.66,2921,43.95
2023-12-26,1107005.99,1006811.19,445228.09,2865,44.22
2023-12-27,1117556.20,1006412.66,430339.39,2935,42.76
2023-12-28,1262335.33,1151242.89,506074.49,3104,43.96
2023-12-29,1064031.11,961534.07,417928.76,2766,43.46
2023-12-30,1168406.24,1055931.21,469237.19,2952,44.44
2023-12-31,1179367.57,1059951.06,472857.41,2846,44.61
2024-01-01,1112446.95,1005024.91,433626.35,2944,43.15
2024-01-02,1095277.67,993295.03,433235.31,2926,43.62
2024-01-03,1142760.85,1037421.35,457994.98,2992,44.15
2024-01-04,1199579.22,1084962.60,462864.35,3041,42.66
2024-01-05,1114137.76,1005251.66,437999.98,2901,43.57
2024-01-06,1179782.80,1072257.86,463870.10,2999,43.26
2024-01-07,1095356.02,999226.00,439485.45,2839,43.98
2024-01-08,1108533.84,1008132.21,447535.15,2903,44.39
2024-01-09,1138793.33,1025955.86,449668.48,2843,43.83
2024-01-10,1175178.25,1060118.46,461714.59,2882,43.55
2024-01-11,1143393.47,1042191.48,463607.37,2949,44.48
2024-01-12,1200835.66,1077940.93,462652.33,2942,42.92
2024-01-13,1132041.59,1021169.72,434200.85,2998,42.52
2024-01-14,1121465.43,1016257.99,453265.22,2906,44.60
2024-01-15,1093664.41,998282.00,438517.25,2819,43.93
2024-01-16,1168430.66,1060288.17,455939.31,3030,43.00
2024-01-17,1204927.06,1099259.37,476275.68,3062,43.33
2024-01-18,1115814.57,1008451.78,424391.69,2925,42.08
2024-01-19,1138843.11,1031689.47,448462.90,2906,43.47
2024-01-20,1192170.73,1084596.38,467658.70,3003,43.12
2024-01-21,1227376.79,1116356.93,491031.59,3018,43.99
2024-01-22,1093733.31,987101.24,428566.75,2913,43.42
2024-01-23,1136993.95,1035870.93,451668.86,3007,43.60
2024-01-24,1216019.11,1105231.84,485220.08,3096,43.90
2024-01-25,1158771.08,1042404.54,450702.65,2978,43.24
2024-01-26,1108991.75,995993.85,431866.70,2842,43.36
2024-01-27,1124506.82,1016355.01,431531.26,2807,42.46
2024-01-28,1176832.57,1061488.52,472203.46,3021,44.49
2024-01-29,1165125.76,1052655.45,462653.79,3069,43.95
2024-01-30,1080509.45,972724.27,417916.82,2836,42.96
2024-01-31,1111425.25,1017685.86,459687.56,2838,45.17
2024-02-01,1042706.81,944273.53,411076.68,2748,43.53
2024-02-02,1165729.95,1063921.98,470015.66,2949,44.18
2024-02-03,1160343.84,1061756.69,468205.39,3048,44.10
2024-02-04,1169892.54,1056324.06,467594.57,2983,44.27
2024-02-05,1194589.48,1079504.00,468431.68,3041,43.39
2024-02-06,1180731.65,1073316.96,475936.75,3000,44.34
2024-02-07,1070169.28,972856.89,421397.33,2750,43.32
2024-02-08,1188000.31,1082212.42,471548.92,3036,43.57
2024-02-09,1187944.45,1082099.83,465422.66,3126,43.01
2024-02-10,1113393.23,1014582.03,443069.36,2870,43.67
2024-02-11,1230592.71,1118203.47,488941.59,3084,43.73
2024-02-12,1130601.53,1021312.97,449811.86,2933,44.04
2024-02-13,1197144.35,1081174.20,474565.61,3062,43.89
2024-02-14,1149347.94,1040742.75,452131.00,3035,43.44
2024-02-15,1179833.29,1081593.55,476450.16,2908,44.05
2024-02-16,1162675.86,1059142.12,464530.24,2828,43.86
2024-02-17,1237938.68,1126796.32,500007.11,3109,44.37
2024-02-18,1143187.77,1029386.89,446757.16,2974,43.40
2024-02-19,1189555.27,1079951.37,445021.44,3073,41.21
2024-02-20,1124572.74,1020719.70,446690.13,2995,43.76
2024-02-21,1190511.45,1089567.85,482706.76,2996,44.30
2024-02-22,1098438.09,1000602.79,444493.37,2832,44.42
2024-02-23,1157696.14,1040303.99,441280.77,3004,42.42
2024-02-24,1215610.14,1092708.39,476192.78,2982,43.58
2024-02-25,1146933.77,1034908.86,449511.40,2954,43.43
2024-02-26,1075224.64,980040.85,430783.34,2766,43.96
2024-02-27,1118201.77,1016244.85,443610.72,2872,43.65
2024-02-28,1176580.24,1068382.56,458560.43,2998,42.92
2024-02-29,1176101.36,1067761.07,462073.96,3034,43.28
2024-03-01,1087651.57,983159.15,413789.92,2859,42.09
2024-03-02,1103214.36,998546.76,432567.83,2809,43.32
2024-03-03,1080476.68,977441.57,437851.65,2715,44.80
2024-03-04,1163656.51,1053879.32,461530.06,2950,43.79
2024-03-05,1122722.94,1017757.40,448889.12,2749,44.11
2024-03-06,1101404.33,997235.91,432155.28,2836,43.34
2024-03-07,1137452.84,1034918.52,458320.68,2922,44.29
2024-03-08,1224970.62,1116641.38,493677.05,3069,44.21
2024-03-09,1149002.94,1039167.54,452028.96,2941,43.50
2024-03-10,1197016.73,1082455.91,460337.19,3108,42.53
2024-03-11,1151995.73,1039934.31,460691.56,2927,44.30
2024-03-12,1168184.20,1057239.80,453557.10,3017,42.90
2024-03-13,1196165.27,1086433.93,464423.25,3096,42.75
2024-03-14,976701.66,885046.65,371594.50,2630,41.99
2024-03-15,1191250.01,1076346.67,467360.24,2992,43.42
2024-03-16,1163039.83,1056194.53,461141.17,3052,43.66
2024-03-17,1152941.57,1034938.96,449855.42,2996,43.47
2024-03-18,1107359.74,1010697.99,453448.88,2814,44.86
2024-03-19,1097892.28,991985.95,427307.71,2839,43.08
2024-03-20,1131035.39,1023735.92,443871.08,2897,43.36
2024-03-21,1044893.93,950076.50,417214.36,2720,43.91
2024-03-22,1199712.73,1090703.62,483105.07,3037,44.29
2024-03-23,1193805.89,1085008.03,471993.60,3068,43.50
2024-03-24,1122964.56,1017517.24,437330.30,2980,42.98
2024-03-25,1232112.49,1112688.95,476651.45,3064,42.84
2024-03-26,1123860.43,1024186.95,447689.94,2872,43.71
2024-03-27,1158624.45,1055077.56,467024.99,2956,44.26
2024-03-28,1050024.56,954878.13,417059.35,2749,43.68
2024-03-29,1189725.03,1083793.24,478601.98,3037,44.16
2024-03-30,1205069.16,1086962.82,471108.54,3065,43.34
2024-03-31,1105830.41,997017.58,439835.00,2845,44.12
2024-04-01,1202948.55,1097784.15,491032.95,3072,44.73
2024-04-02,1153080.82,1045005.45,455350.41,2983,43.57
2024-04-03,1278702.16,1167048.83,514005.73,3121,44.04
2024-04-04,1158647.57,1046759.51,458518.14,2948,43.80
2024-04-05,1232263.43,1108232.47,477517.44,3145,43.09
2024-04-06,1154585.64,1047686.81,463218.05,2892,44.21
2024-04-07,1233633.39,1121561.47,503638.78,2994,44.91
2024-04-08,1082734.82,978723.27,442420.49,2695,45.20
2024-04-09,1201353.32,1098429.97,487435.24,2968,44.38
2024-04-10,1048674.36,958919.38,434209.62,2733,45.28
2024-04-11,1194228.28,1081176.69,471762.21,3028,43.63
2024-04-12,1087042.48,981203.11,420951.25,2926,42.90
2024-04-13,1104248.69,998696.54,428062.94,2810,42.86
2024-04-14,1127388.34,1009831.23,431273.41,2965,42.71
2024-04-15,1082009.59,982421.99,417735.31,2907,42.52
2024-04-16,1076044.04,969162.06,410410.19,2825,42.35
2024-04-17,1112496.43,1017219.05,439561.92,2896,43.21
2024-04-18,1107530.37,1007279.39,438019.61,2903,43.49
2024-04-19,1191101.67,1082833.63,478153.96,3042,44.16
2024-04-20,1139121.63,1033014.03,441270.90,3009,42.72
2024-04-21,1163586.67,1051588.65,461360.59,2972,43.87
2024-04-22,1110051.71,1002312.32,442271.17,2824,44.13
2024-04-23,1233724.26,1129467.41,494673.41,3069,43.80
2024-04-24,1111753.65,1005529.85,430214.17,3008,42.78
2024-04-25,1116071.27,1007975.22,446345.83,2857,44.28
2024-04-26,1214694.49,1103638.94,498916.26,3044,45.21
2024-04-27,1154248.50,1042832.34,460491.90,2857,44.16
2024-04-28,1073187.27,969297.11,408293.60,2873,42.12
2024-04-29,1195326.47,1090427.96,483164.94,3039,44.31
2024-04-30,1186621.38,1080133.42,471363.58,3103,43.64
2024-05-01,1101790.72,1002120.74,438469.93,2929,43.75
2024-05-02,1175962.12,1058123.05,458891.49,2908,43.37
2024-05-03,1160013.16,1054762.73,463768.11,2917,43.97
2024-05-04,1068910.05,969034.89,424015.22,2831,43.76
2024-05-05,1098414.11,996615.80,438531.06,2891,44.00
2024-05-06,1074301.00,966593.67,410090.39,2730,42.43
2024-05-07,1263608.08,1145199.87,500653.09,3107,43.72
2024-05-08,1144118.60,1035818.44,459987.10,2842,44.41
2024-05-09,1077255.70,974685.51,419789.70,2754,43.07
2024-05-10,1102314.98,991344.81,432885.96,2792,43.67
2024-05-11,1079088.32,980902.65,436355.96,2841,44.49
2024-05-12,1126586.33,1022976.77,438249.93,2899,42.84
2024-05-13,1132372.57,1025843.88,438866.16,3013,42.78
2024-05-14,1150238.65,1038621.80,451658.95,2901,43.49
2024-05-15,1093980.13,992848.83,418079.46,2873,42.11
2024-05-16,1088816.57,993600.82,440727.26,2851,44.36
2024-05-17,1260813.46,1144444.64,500182.17,3138,43.71
2024-05-18,1139297.71,1033708.87,458484.29,2884,44.35
2024-05-19,1133328.26,1016019.73,434434.25,2901,42.76
2024-05-20,1081240.07,972960.20,419747.97,2896,43.14
2024-05-21,1059137.94,963882.79,418675.07,2742,43.44
2024-05-22,1161961.06,1047884.09,462561.45,2978,44.14
2024-05-23,1167082.12,1049304.88,451056.17,2902,42.99
2024-05-24,1135829.04,1030927.14,460315.06,2886,44.65
2024-05-25,1125414.98,1021640.30,447996.93,2910,43.85
2024-05-26,1028901.30,927001.68,395792.35,2798,42.70
2024-05-27,1223045.69,1107404.56,470978.79,3018,42.53
2024-05-28,1189471.35,1081037.36,467686.45,3031,43.26
2024-05-29,1125181.57,1020890.99,447019.87,2869,43.79
2024-05-30,1139445.08,1028305.11,448490.22,2978,43.61
2024-05-31,1119680.75,1015858.78,448421.95,2905,44.14
2024-06-01,1078017.37,972584.75,422263.60,2844,43.42
2024-06-02,1147837.67,1038511.25,458799.70,2848,44.18
2024-06-03,1175789.05,1058906.24,460895.50,2957,43.53
2024-06-04,1191626.11,1077249.79,463471.92,3012,43.02
2024-06-05,1122150.65,1022606.68,449338.07,2846,43.94
2024-06-06,1029356.00,934985.13,409166.28,2754,43.76
2024-06-07,1113626.24,1009955.53,442920.29,2961,43.86
2024-06-08,1156490.62,1044030.45,464463.71,2915,44.49
2024-06-09,1198172.55,1085910.73,480437.55,2990,44.24
2024-06-10,1066433.02,963168.45,414958.43,2974,43.08
2024-06-11,1123118.32,1016670.89,437470.75,2815,43.03
2024-06-12,1138924.44,1030065.84,447052.12,2939,43.40
2024-06-13,1209788.42,1091350.36,466001.14,3145,42.70
2024-06-14,1213309.30,1099237.99,484752.04,3054,44.10
2024-06-15,1137346.57,1026417.30,455996.12,2914,44.43
2024-06-16,1178180.28,1065474.79,477799.12,2960,44.84
2024-06-17,1174660.35,1059500.67,454623.80,2965,42.91
2024-06-18,1106751.28,1002741.21,435872.31,2911,43.47
2024-06-19,1175252.05,1068347.91,481177.79,3023,45.04
2024-06-20,1196128.52,1085250.62,472675.43,2917,43.55
2024-06-21,1149366.25,1043098.04,461233.22,2936,44.22
2024-06-22,1135840.99,1028909.39,448998.30,2936,43.64
2024-06-23,1166294.67,1055816.95,461709.59,2930,43.73
2024-06-24,1102699.86,997263.67,438962.22,2822,44.02
2024-06-25,1148056.34,1036020.84,441202.76,3041,42.59
2024-06-26,1120725.23,1011697.15,433988.62,2804,42.90
2024-06-27,1123753.94,1020638.75,445435.69,2853,43.64
2024-06-28,1143601.15,1031989.88,454222.21,2994,44.01
2024-06-29,1048159.19,948503.69,406799.88,2800,42.89
2024-06-30,1113980.11,1012254.74,439840.79,2835,43.45
2024-07-01,1199283.16,1083934.31,476295.70,3097,43.94
2024-07-02,1138069.25,1030291.70,444288.77,2969,43.12
2024-07-03,1081228.00,981003.77,433265.49,2786,44.17
2024-07-04,1071815.12,969649.35,424810.60,2849,43.81
2024-07-05,1101284.38,999362.39,435055.98,2860,43.53
2024-07-06,1172393.01,1065694.84,471824.74,2951,44.27
2024-07-07,1183228.45,1076035.28,469653.27,3061,43.65
2024-07-08,1103825.07,998070.14,433382.97,2965,43.42
2024-07-09,1184171.64,1069907.81,464326.90,2926,43.40
2024-07-10,1150545.95,1044147.44,456892.48,3065,43.76
2024-07-11,1192155.84,1074504.76,479485.52,2934,44.62
2024-07-12,1168540.86,1057146.42,462308.12,2993,43.73
2024-07-13,1174186.25,1070585.16,478396.11,2889,44.69
2024-07-14,1146721.56,1033392.37,450930.41,2941,43.64
2024-07-15,1139899.43,1032783.64,454531.90,2901,44.01
2024-07-16,1135830.95,1037550.85,463258.59,2935,44.65
2024-07-17,1187308.52,1074108.63,470731.74,3050,43.83
2024-07-18,1183552.81,1068245.88,467201.41,2982,43.74
2024-07-19,1190242.45,1077679.21,464239.21,3025,43.08
2024-07-20,1088686.18,992079.81,434020.91,2695,43.75
2024-07-21,1132576.27,1029695.45,444785.65,2836,43.20
2024-07-22,1138781.59,1024742.15,448751.88,3006,43.79
2024-07-23,1184706.19,1074930.85,477093.53,2942,44.38
2024-07-24,1107279.90,1001284.15,436017.27,2895,43.55
2024-07-25,1129428.44,1023791.25,444340.60,2858,43.40
2024-07-26,1087507.33,982820.20,431377.25,2807,43.89
2024-07-27,1185021.63,1078635.90,470644.52,3047,43.63
2024-07-28,1142382.73,1037339.60,463356.38,2800,44.67
2024-07-29,1176932.88,1071603.74,469743.89,3068,43.84
2024-07-30,1200472.13,1084725.41,478901.19,2964,44.15
2024-07-31,1214937.03,1100056.70,475384.94,3088,43.21
2024-08-01,1149303.78,1026784.59,430188.76,2972,41.90
2024-08-02,1160685.58,1055919.28,452502.65,2968,42.85
2024-08-03,1173677.15,1057876.36,456057.86,2939,43.11
2024-08-04,1075397.35,978103.32,440743.86,2681,45.06
2024-08-05,1171852.49,1059665.81,458617.02,3035,43.28
2024-08-06,1151526.40,1042352.78,442545.72,2998,42.46
2024-08-07,1235362.96,1120509.79,487280.23,3192,43.49
2024-08-08,1194729.40,1088988.98,469821.48,3081,43.14
2024-08-09,1108948.27,996755.50,426390.45,2888,42.78
2024-08-10,1120288.12,1020711.86,445497.75,2993,43.65
2024-08-11,1231276.35,1111417.80,488324.26,3087,43.94
2024-08-12,1111122.85,1008767.33,446202.49,2971,44.23
2024-08-13,1136009.59,1030440.70,441644.68,2817,42.86
2024-08-14,1178890.95,1068241.20,471000.76,2888,44.09
2024-08-15,1119064.68,1002281.45,428983.69,2858,42.80
2024-08-16,1079149.40,980381.43,431034.75,2799,43.97
2024-08-17,1111673.54,1009370.10,454565.00,2763,45.03
2024-08-18,1167217.72,1052085.35,447226.18,3004,42.51
2024-08-19,1163621.26,1051453.72,467153.08,2863,44.43
2024-08-20,1025249.28,929703.01,399946.21,2808,43.02
2024-08-21,1171278.11,1062924.71,454725.67,2986,42.78
2024-08-22,1102307.04,998444.19,435283.46,2948,43.60
2024-08-23,1027750.83,929034.24,399522.88,2766,43.00
2024-08-24,1135929.49,1027295.90,452248.28,2925,44.02
2024-08-25,1211587.03,1098413.20,486141.01,3012,44.26
2024-08-26,1110863.00,1009366.77,442269.11,2971,43.82
2024-08-27,1169185.65,1058596.48,473042.81,2890,44.69
2024-08-28,1157196.13,1049019.30,457391.82,2950,43.60
2024-08-29,1219389.03,1095547.05,484495.90,3040,44.22
2024-08-30,1134348.87,1027663.56,443317.80,2970,43.14
2024-08-31,1216439.22,1099199.67,488710.35,3037,44.46
2024-09-01,1240355.14,1125370.92,488086.45,3151,43.37
2024-09-02,1213457.90,1089658.41,464031.14,3086,42.59
2024-09-03,1242929.14,1125364.31,484241.64,3131,43.03
2024-09-04,1109733.10,1005654.47,465212.21,2816,46.26
2024-09-05,1107217.87,1003704.48,435978.34,2878,43.44
2024-09-06,1078025.54,969080.63,415876.18,2882,42.91
2024-09-07,1141024.05,1027766.11,441170.46,2952,42.93
2024-09-08,1090381.49,992365.46,443258.04,2701,44.67
2024-09-09,1112720.97,996395.98,424797.14,2861,42.63
2024-09-10,1105032.53,1008226.92,440465.37,2907,43.69
2024-09-11,1114906.44,1010098.13,445051.82,2859,44.06
2024-09-12,1174333.76,1060289.48,467862.83,2868,44.13
2024-09-13,1050961.14,958596.52,417828.63,2677,43.59
2024-09-14,1192595.96,1074399.15,462958.34,3185,43.09
2024-09-15,1124283.37,1016569.19,441102.38,2887,43.39
2024-09-16,1183289.23,1069924.53,460921.38,3014,43.08
2024-09-17,1079192.99,983335.75,426836.04,2816,43.41
2024-09-18,1164725.20,1043249.11,439088.85,2994,42.09
2024-09-19,1083691.26,976658.57,415646.90,2855,42.56
2024-09-20,1188416.60,1072011.35,463529.58,3039,43.24
2024-09-21,1125102.08,1023335.13,441089.76,2920,43.10
2024-09-22,1182444.94,1067794.67,458687.01,2970,42.96
2024-09-23,1157506.52,1046686.00,454865.73,2925,43.46
2024-09-24,1180271.09,1073212.13,461783.86,3141,43.03
2024-09-25,1135683.94,1026193.46,446736.99,2898,43.53
2024-09-26,1094608.77,992609.00,438207.38,2792,44.15
2024-09-27,1197342.46,1092637.92,475089.34,3108,43.48
2024-09-28,1094691.80,998616.54,437516.53,2846,43.81
2024-09-29,1018661.43,922750.10,399668.69,2717,43.31
2024-09-30,1248103.52,1127486.12,489267.59,3269,43.39
2024-10-01,1078868.53,981641.23,443935.63,2795,45.22
2024-10-02,1143684.64,1033130.36,450810.90,2862,43.64
2024-10-03,1114776.89,1015127.60,449742.14,2910,44.30
2024-10-04,1161860.30,1042763.69,443642.98,3011,42.54
2024-10-05,1108327.05,1008547.29,446911.13,2861,44.31
2024-10-06,1168952.67,1057412.07,468235.44,3065,44.28
2024-10-07,1180040.62,1063545.94,452678.82,2999,42.56
2024-10-08,1177499.14,1064262.93,463087.10,3043,43.51
2024-10-09,1107079.15,998628.09,445861.24,2845,44.65
2024-10-10,1213423.47,1092279.00,484341.62,2960,44.34
2024-10-11,1096365.27,1001414.03,442052.56,2935,44.14
2024-10-12,1052857.22,956156.92,409347.48,2747,42.81
2024-10-13,1175603.48,1073577.94,470479.20,2982,43.82
2024-10-14,1204494.15,1101816.90,495878.38,3002,45.01
2024-10-15,1192071.02,1083786.62,474827.66,2968,43.81
2024-10-16,1189021.70,1077670.99,467004.41,3054,43.33
2024-10-17,1094226.81,995864.12,429106.15,2840,43.09
2024-10-18,1120278.48,1016982.99,452285.54,2803,44.47
2024-10-19,1170653.41,1058927.81,451056.60,2995,42.60
2024-10-20,1063423.67,966468.91,423997.99,2784,43.87
2024-10-21,1122793.52,1015959.37,451758.54,3005,44.47
2024-10-22,1111996.32,1007743.53,442492.10,2816,43.91
2024-10-23,1077397.64,974442.88,418838.90,2716,42.98
2024-10-24,1128992.87,1027194.28,453872.89,2941,44.19
2024-10-25,1133592.81,1024481.17,444236.85,2906,43.36
2024-10-26,1089990.85,985027.84,430860.00,2761,43.74
2024-10-27,1197149.26,1082503.49,471831.09,3002,43.59
2024-10-28,1267401.74,1157321.59,515692.55,3206,44.56
2024-10-29,1170813.14,1058846.17,457825.73,3025,43.24
2024-10-30,1120053.41,1013412.31,446967.39,2875,44.11
2024-10-31,1239941.66,1115961.95,482366.89,3177,43.22
2024-11-01,1141929.51,1028694.07,446573.82,2931,43.41
2024-11-02,1181556.97,1069201.54,471130.77,2992,44.06
2024-11-03,1065400.14,961776.36,408839.42,2749,42.51
2024-11-04,1163142.29,1054632.07,465003.10,3047,44.09
2024-11-05,1130855.20,1023678.27,440189.47,2849,43.00
2024-11-06,1176341.62,1060297.82,474238.27,2790,44.73
2024-11-07,1239828.23,1123805.34,505484.00,3024,44.98
2024-11-08,1189279.05,1075630.85,463064.35,2991,43.05
2024-11-09,1093099.95,984530.90,433699.52,2866,44.05
2024-11-10,1157693.62,1048123.96,474721.67,2925,45.29
2024-11-11,1207241.99,1095648.54,475573.45,3071,43.41
2024-11-12,1120233.57,1009283.49,445188.23,2910,44.11
2024-11-13,1037070.82,944420.41,407904.26,2726,43.19
2024-11-14,1078731.17,978031.13,422416.51,2838,43.19
2024-11-15,1141045.82,1030833.87,441003.13,3003,42.78
2024-11-16,1221712.34,1108053.65,485494.11,3050,43.82
2024-11-17,1160373.13,1053673.00,460647.17,2958,43.72
2024-11-18,1117381.12,1015762.34,442914.69,2754,43.60
2024-11-19,1188176.82,1083213.13,480455.11,3029,44.35
2024-11-20,1163330.21,1055412.56,453000.60,3097,42.92
2024-11-21,1086078.57,984105.75,414195.61,2894,42.09
2024-11-22,1211516.65,1102829.86,480568.75,3098,43.58
2024-11-23,1139640.83,1029065.88,437034.62,3021,42.47
2024-11-24,1140442.39,1032100.41,448426.75,2988,43.45
2024-11-25,1184630.38,1076376.32,482592.72,2885,44.83
2024-11-26,1131765.35,1031517.62,455005.38,2802,44.11
2024-11-27,1083439.11,980831.51,432063.03,2810,44.05
2024-11-28,1116726.15,1009340.82,445507.64,2936,44.14
2024-11-29,1088981.81,989238.70,428600.34,2821,43.33
2024-11-30,1070263.50,969447.36,426621.51,2805,44.01
2024-12-01,1187282.84,1071388.70,462646.04,3012,43.18
2024-12-02,1238640.56,1129935.98,502839.32,3009,44.50
2024-12-03,1154407.51,1048377.23,450487.57,2929,42.97
2024-12-04,1149684.01,1048750.25,454222.56,3005,43.31
2024-12-05,1050763.19,952484.26,424075.24,2657,44.52
2024-12-06,1110450.89,1003343.65,432478.44,2950,43.10
2024-12-07,1124675.97,1019658.17,445187.04,2893,43.66
2024-12-08,1294323.92,1179322.94,527750.90,3163,44.75
2024-12-09,1151942.78,1048445.01,467053.61,2921,44.55
2024-12-10,1117970.73,1013931.37,440004.15,2985,43.40
2024-12-11,1131720.02,1031910.36,455921.41,2906,44.18
2024-12-12,1095285.89,994262.42,433797.22,2780,43.63
2024-12-13,1188774.09,1074646.85,466391.51,3059,43.40
2024-12-14,1207505.11,1095380.25,484823.43,2978,44.26
2024-12-15,1199612.73,1076536.58,461034.75,2991,42.83
2024-12-16,1132511.20,1029960.25,448921.59,2906,43.59
2024-12-17,1143465.12,1040495.59,461309.33,2944,44.34
2024-12-18,1169914.15,1062691.75,461382.80,2880,43.42
2024-12-19,1176714.22,1061574.67,453989.72,3116,42.77
2024-12-20,1094272.35,997244.67,430116.51,2873,43.13
2024-12-21,1098979.34,995858.20,435473.37,2841,43.73
2024-12-22,1123212.58,1022169.07,451979.50,2945,44.22
2024-12-23,1204281.45,1082615.26,462752.27,3001,42.74
2024-12-24,1087060.27,983074.59,418186.49,2961,42.54
2024-12-25,1117713.73,1013018.68,436661.26,2858,43.10
2024-12-26,1100816.91,994534.03,434564.53,2754,43.70
2024-12-27,1151803.20,1045621.00,456505.01,3026,43.66
2024-12-28,1193135.28,1078804.34,477422.41,2998,44.25
2024-12-29,1121342.60,1015851.39,434778.44,2849,42.80
2024-12-30,1069541.07,974367.44,420833.29,2797,43.19
2024-12-31,1208527.56,1088655.69,462659.70,3004,42.50
2025-01-01,1157161.27,1046171.27,454857.60,2952,43.48
2025-01-02,1166107.58,1052351.70,452117.09,3026,42.96
2025-01-03,1058050.97,958740.11,421673.98,2873,43.98
2025-01-04,1224688.69,1117364.89,487905.13,3043,43.67
2025-01-05,1144544.03,1039182.55,456640.06,2867,43.94
2025-01-06,1165200.30,1060030.28,455763.14,3035,43.00
2025-01-07,1154878.57,1036974.51,444914.43,2911,42.91
2025-01-08,1107629.45,1008371.94,434513.85,2946,43.09
2025-01-09,1121767.74,1021333.11,454847.92,2822,44.53
2025-01-10,1203139.29,1089380.79,484510.71,2954,44.48
2025-01-11,1160243.62,1047623.47,454337.12,2956,43.37
2025-01-12,1120489.20,1012099.34,432708.73,2890,42.75
2025-01-13,1172052.39,1062414.00,461272.48,3057,43.42
2025-01-14,1204039.04,1094979.59,481624.21,3019,43.98
2025-01-15,1077144.19,983642.89,431644.22,2799,43.88
2025-01-16,1207120.20,1097939.26,478312.76,3015,43.56
2025-01-17,989627.69,900014.44,398499.07,2499,44.28
2025-01-18,1105673.51,1000971.03,421907.57,2900,42.15
2025-01-19,1258132.86,1138890.39,483835.87,3244,42.48
2025-01-20,1186841.35,1075844.51,464613.42,3099,43.19
2025-01-21,1120082.79,1019826.81,443189.11,2917,43.46
2025-01-22,1261902.13,1142923.32,507382.10,3047,44.39
2025-01-23,1176657.16,1062956.01,463830.84,2955,43.64
2025-01-24,1148476.83,1043773.55,449013.66,2894,43.02
2025-01-25,1063041.74,964871.88,413028.49,2922,42.81
2025-01-26,1143434.62,1026533.25,452602.57,2891,44.09
2025-01-27,1227175.41,1111503.65,484080.46,3176,43.55
2025-01-28,1112941.80,1006458.19,431454.94,2830,42.87
2025-01-29,1131948.69,1021183.43,461659.69,2870,45.21
2025-01-30,1084589.41,983126.59,433312.25,2912,44.07
2025-01-31,1119097.29,1021530.48,457908.01,2832,44.83
2025-02-01,1084627.54,989198.01,436004.07,2779,44.08
2025-02-02,1204850.87,1104241.69,489767.17,3104,44.35
2025-02-03,1078277.15,973207.30,413064.60,2876,42.44
2025-02-04,1089554.50,979912.79,426854.41,2821,43.56
2025-02-05,1174373.38,1066278.99,474171.45,2954,44.47
2025-02-06,1068429.73,975685.01,434641.44,2738,44.55
2025-02-07,1023702.39,926525.56,409004.21,2648,44.14
2025-02-08,1205711.76,1086421.09,468015.25,3099,43.08
2025-02-09,1099993.26,1000147.92,428919.02,2825,42.89
2025-02-10,1135546.68,1026615.08,435503.84,2855,42.42
2025-02-11,1090482.46,992714.04,426060.65,2885,42.92
2025-02-12,1201670.70,1087237.94,485190.90,2923,44.63
2025-02-13,1161591.85,1050815.21,461085.23,2949,43.88
2025-02-14,1114935.69,1011898.15,459290.66,2841,45.39
2025-02-15,1175149.53,1052046.81,451079.05,2994,42.88
2025-02-16,1142203.92,1038750.32,453810.19,2872,43.69
2025-02-17,1299245.34,1179684.92,527511.20,3227,44.72
2025-02-18,1173629.23,1062115.12,470383.61,2925,44.29
2025-02-19,1194236.57,1080724.53,477218.54,2961,44.16
2025-02-20,1196597.01,1080249.29,469484.06,3099,43.46
2025-02-21,1164714.18,1062586.51,469841.55,2974,44.22
2025-02-22,1197378.35,1082376.07,470121.70,3006,43.43
2025-02-23,1236017.17,1116964.49,486575.28,3217,43.56
2025-02-24,1138940.70,1035046.89,464180.11,2999,44.85
2025-02-25,1166761.22,1051340.74,456104.53,2853,43.38
2025-02-26,1169741.76,1062465.05,465651.06,3043,43.83
2025-02-27,1058562.45,956476.95,426314.90,2662,44.57
2025-02-28,1206946.31,1090279.18,483141.99,2994,44.31
2025-03-01,1197441.50,1086368.06,476939.46,3076,43.90
2025-03-02,1086305.78,981521.50,415446.13,2855,42.33
2025-03-03,1109648.60,1010325.77,442601.88,2874,43.81
2025-03-04,1094626.59,996856.36,438324.18,2821,43.97
2025-03-05,1160433.85,1045689.16,450954.18,2926,43.13
2025-03-06,1184318.46,1072630.16,469319.04,2961,43.75
2025-03-07,1071962.26,970546.09,421276.08,2755,43.41
2025-03-08,1103904.54,1007472.84,443958.90,2810,44.07
2025-03-09,1164763.09,1054463.84,456273.05,3038,43.27
2025-03-10,1181746.44,1064460.75,462629.91,3009,43.46
2025-03-11,1055135.43,962440.48,423353.47,2776,43.99
2025-03-12,1153672.92,1043117.69,458243.48,2986,43.93
2025-03-13,1101875.84,1001589.38,434293.28,2844,43.36
2025-03-14,1215119.65,1100972.67,477786.16,3080,43.40
2025-03-15,1190805.58,1076349.66,463853.44,3121,43.10
2025-03-16,1012699.84,917270.84,391395.06,2713,42.67
2025-03-17,1080792.56,978225.21,423852.18,2871,43.33
2025-03-18,1176536.73,1062231.30,457546.66,3021,43.07
2025-03-19,1263138.61,1138357.20,504430.31,3194,44.31
2025-03-20,1134902.85,1027149.37,446881.01,2882,43.51
2025-03-21,1138154.20,1037451.76,457152.33,2830,44.06
2025-03-22,1204387.19,1093686.45,472528.07,3007,43.21
2025-03-23,1152690.99,1038006.95,447439.61,2928,43.11
2025-03-24,1108584.99,1008425.19,446496.09,2872,44.28
2025-03-25,1183468.81,1071704.62,457332.61,3052,42.67
2025-03-26,1129748.98,1018061.18,448072.01,2885,44.01
2025-03-27,1141014.68,1033001.53,445830.81,2952,43.16
2025-03-28,1132515.04,1028755.96,448475.72,2875,43.59
2025-03-29,1118905.64,1011105.09,441939.52,2897,43.71
2025-03-30,1168822.64,1057354.32,461957.57,2882,43.69
2025-03-31,1039824.61,940920.05,410889.01,2710,43.67
2025-04-01,996906.68,899338.28,377010.98,2683,41.92
2025-04-02,1060137.39,956274.00,416447.30,2850,43.55
2025-04-03,1150965.38,1037815.68,445925.39,3033,42.97
2025-04-04,1138899.27,1033297.14,454853.70,2876,44.02
2025-04-05,1148060.10,1035645.76,447283.19,3019,43.19
2025-04-06,1053480.90,950068.39,417790.81,2883,43.97
2025-04-07,1169981.03,1065713.11,472368.88,2964,44.32
2025-04-08,1203670.91,1089525.87,471504.98,3084,43.28
2025-04-09,1109193.60,1014745.04,438718.17,2842,43.23
2025-04-10,1188108.99,1078276.92,465157.37,3042,43.14
2025-04-11,1209494.68,1091359.52,473207.82,3029,43.36
2025-04-12,1248908.28,1123099.63,476514.70,3096,42.43
2025-04-13,1127564.45,1021085.90,449188.76,2857,43.99
2025-04-14,1215592.04,1099635.37,472299.66,3179,42.95
2025-04-15,1113007.74,1013029.57,436994.37,2894,43.14
2025-04-16,1194028.53,1079812.52,482308.39,2947,44.67
2025-04-17,1187808.43,1079585.45,469487.02,2975,43.49
2025-04-18,1199535.63,1085129.17,475516.86,3136,43.82
2025-04-19,1094668.08,986043.33,429011.82,2809,43.51
2025-04-20,1095210.11,993025.73,445039.15,2820,44.82
2025-04-21,1245238.89,1134418.37,508140.74,3065,44.79
2025-04-22,1133868.42,1018993.92,433038.45,2918,42.50
2025-04-23,1138893.10,1036449.25,451291.25,2855,43.54
2025-04-24,1137135.67,1028816.91,445866.55,2858,43.34
2025-04-25,1097390.42,999778.37,441503.92,2804,44.16
2025-04-26,1147590.68,1029048.94,434967.74,2871,42.27
2025-04-27,1063070.63,963689.79,416566.55,2731,43.23
2025-04-28,1101393.09,1000613.06,427721.94,2780,42.75
2025-04-29,1224048.73,1107935.13,483164.71,3030,43.61
2025-04-30,1106406.74,999729.68,446739.22,2794,44.69
2025-05-01,1139697.54,1034152.41,459279.30,2962,44.41
2025-05-02,1192774.81,1075492.21,463319.14,3025,43.08
2025-05-03,1173306.56,1063761.81,470627.48,2993,44.24
2025-05-04,1149285.71,1044130.84,462943.54,2984,44.34
2025-05-05,1128502.37,1019058.81,436396.90,2879,42.82
2025-05-06,1197297.86,1079748.48,466933.59,2996,43.24
2025-05-07,1044238.97,938387.86,397650.13,2777,42.38
2025-05-08,1095795.36,989696.99,425462.56,2979,42.99
2025-05-09,1095130.40,998245.14,426345.74,3027,42.71
2025-05-10,1149043.19,1043730.46,443796.61,2934,42.52
2025-05-11,1108624.01,1004078.62,431482.13,2952,42.97
2025-05-12,1082432.73,983570.15,429601.60,2868,43.68
2025-05-13,1120818.94,1019084.44,443430.46,2886,43.51
2025-05-14,1173124.46,1073641.02,479940.00,2955,44.70
2025-05-15,1085460.19,985105.82,431194.48,2792,43.77
2025-05-16,1223253.92,1108460.91,479628.64,3066,43.27
2025-05-17,1134601.17,1024835.79,441316.03,2939,43.06
2025-05-18,1139507.96,1031125.41,450081.89,2970,43.65
2025-05-19,1091504.45,987800.66,412533.54,2809,41.76
2025-05-20,1164520.13,1057741.78,465894.53,2990,44.05
2025-05-21,1112743.12,1012504.10,442629.35,2911,43.72
2025-05-22,1109652.41,1013550.17,455102.24,2854,44.90
2025-05-23,1156679.77,1050231.33,457886.62,2924,43.60
2025-05-24,1235836.69,1118675.90,475830.21,3189,42.54
2025-05-25,1108584.43,1007544.82,441822.48,2824,43.85
2025-05-26,1131355.89,1025513.28,444559.63,2820,43.35
2025-05-27,1096380.80,998214.96,434257.18,2834,43.50
2025-05-28,1130120.83,1020570.84,444376.24,2964,43.54
2025-05-29,1153809.87,1045223.87,457395.37,2970,43.76
2025-05-30,1060436.98,964405.19,420950.11,2682,43.65
2025-05-31,1144459.93,1038983.23,454148.34,2968,43.71
2025-06-01,1171219.99,1062369.58,464023.83,3070,43.68
2025-06-02,1161501.13,1057629.24,463293.12,2942,43.80
2025-06-03,1107032.09,1003821.21,439155.98,2873,43.75
2025-06-04,1149602.03,1044846.36,457364.36,2918,43.77
2025-06-05,1065970.48,965193.36,411214.80,2797,42.60
2025-06-06,1162634.28,1057099.55,465401.89,2980,44.03
2025-06-07,1161675.87,1044689.08,453012.17,2839,43.36
2025-06-08,1108015.37,1008040.57,442212.29,2838,43.87
2025-06-09,1245576.37,1123420.58,496214.37,3110,44.17
2025-06-10,1046749.40,946441.76,403734.86,2704,42.66
2025-06-11,1136151.15,1025242.90,444069.49,2940,43.31
2025-06-12,1136956.05,1030521.55,442189.27,2928,42.91
2025-06-13,1168853.94,1057072.10,455635.81,2942,43.10
2025-06-14,1121601.47,1022199.89,458509.22,2856,44.86
2025-06-15,1176572.72,1066312.33,475148.05,2977,44.56
2025-06-16,1153585.97,1047269.18,458646.18,2875,43.79
2025-06-17,1099103.36,998687.11,432199.67,2892,43.28
2025-06-18,1212182.50,1093038.94,481837.52,3024,44.08
2025-06-19,1156616.94,1050042.11,456239.71,2928,43.45
2025-06-20,1130987.88,1019586.89,451937.14,2940,44.33
2025-06-21,1158564.34,1046080.04,458202.33,2942,43.80
2025-06-22,1099166.30,998650.33,432343.39,2814,43.29
2025-06-23,1038195.32,937180.24,414427.65,2677,44.22
2025-06-24,1069907.17,968505.44,416642.29,2853,43.02
2025-06-25,1174095.19,1067947.40,470732.85,2977,44.08
2025-06-26,1058337.28,959634.11,418589.79,2809,43.62
2025-06-27,1056720.94,958693.88,415153.64,2859,43.30
2025-06-28,1128599.07,1017889.71,433023.04,2892,42.54
2025-06-29,1124564.21,1018553.36,433988.29,2994,42.61
2025-06-30,1117651.03,1016242.21,440038.19,2882,43.30
2025-07-01,1235225.00,1121304.05,499985.03,2973,44.59
2025-07-02,1180480.58,1068357.92,470390.37,2946,44.03
2025-07-03,1117576.13,1006638.16,434190.11,2882,43.13
2025-07-04,1087004.98,982308.64,431014.99,2840,43.88
2025-07-05,1140308.76,1027289.69,444002.04,2908,43.22
2025-07-06,1139291.05,1036221.65,459035.46,2956,44.30
2025-07-07,1171723.54,1064737.79,479412.11,2933,45.03
2025-07-08,1233432.19,1117490.40,482759.32,3077,43.20
2025-07-09,1104638.92,999918.30,440722.40,2949,44.08
2025-07-10,1031903.17,940207.85,414548.67,2776,44.09
2025-07-11,1088362.40,984988.07,425433.40,2778,43.19
2025-07-12,1056280.22,956999.17,411023.42,2833,42.95
2025-07-13,1131612.88,1030633.12,448668.97,2863,43.53
2025-07-14,1141491.64,1029025.64,445028.22,2901,43.25
2025-07-15,1143508.10,1033274.57,434627.53,3014,42.06
2025-07-16,1133909.55,1030265.12,455341.08,2919,44.20
2025-07-17,1114739.44,1010417.84,443233.57,2905,43.87
2025-07-18,1180209.57,1076632.03,468806.34,3025,43.54
2025-07-19,1086861.68,995283.84,444495.02,2860,44.66
2025-07-20,1140323.28,1032027.66,450137.60,2956,43.62
2025-07-21,1175164.86,1060409.56,460530.43,2953,43.43
2025-07-22,1147284.50,1040473.68,464982.49,2898,44.69
2025-07-23,1186264.68,1072489.94,459045.01,3053,42.80
2025-07-24,1085892.05,981444.74,419565.31,2766,42.75
2025-07-25,1042468.56,942020.04,397115.30,2757,42.16
2025-07-26,1103473.76,998689.48,440373.33,2867,44.10
2025-07-27,1151248.26,1051989.69,471496.21,2870,44.82
2025-07-28,1155917.61,1045600.63,460210.29,2982,44.01
2025-07-29,1111926.93,1015558.93,436199.56,2929,42.95
2025-07-30,1216155.36,1105426.23,479056.61,3149,43.34
2025-07-31,1173789.25,1063134.58,462517.68,2969,43.51
2025-08-01,1131241.30,1024567.63,450346.59,2844,43.95
2025-08-02,1184663.98,1069305.06,467369.64,3062,43.71
2025-08-03,1129874.19,1027821.42,451570.37,2910,43.93
2025-08-04,1109645.95,1012997.79,445310.33,2784,43.96
2025-08-05,1146803.64,1039180.28,454305.77,2905,43.72
2025-08-06,1159734.73,1048229.97,451334.62,3089,43.06
2025-08-07,1131348.27,1029197.30,448609.87,2869,43.59
2025-08-08,1108554.99,1006222.68,443649.03,2812,44.09
2025-08-09,1140738.20,1032215.82,440607.99,2985,42.69
2025-08-10,1112610.10,1011012.50,451321.27,2856,44.64
2025-08-11,1245005.81,1126196.47,496305.69,3106,44.07
2025-08-12,1155734.52,1046886.46,471344.19,2922,45.02
2025-08-13,1133804.39,1028355.51,441509.02,3015,42.93
2025-08-14,1182557.68,1071328.60,474114.76,2956,44.25
2025-08-15,1027932.14,930017.62,411201.15,2720,44.21
2025-08-16,1156559.78,1047663.47,449605.03,3069,42.92
2025-08-17,1144298.32,1034143.75,447433.57,2963,43.27
2025-08-18,1084237.25,976886.76,421485.50,2814,43.15
2025-08-19,1186428.81,1077822.83,477172.69,2935,44.27
2025-08-20,1103630.72,1001418.78,452516.46,2808,45.19
2025-08-21,1176325.01,1064772.65,463307.01,3030,43.51
2025-08-22,1224445.56,1106424.94,495165.21,3001,44.75
2025-08-23,1070479.32,971617.63,422566.35,2898,43.49
2025-08-24,1189811.90,1088232.31,485897.92,3018,44.65
2025-08-25,1208099.21,1092316.65,486870.45,3057,44.57
2025-08-26,1171750.70,1062747.74,462331.05,3006,43.50
2025-08-27,1235134.56,1119690.11,488117.07,3145,43.59
2025-08-28,1062634.70,964403.14,417747.64,2755,43.32
2025-08-29,1069277.56,967837.20,418061.16,2776,43.20
2025-08-30,1151856.54,1048829.18,451515.78,3005,43.05
2025-08-31,1149516.96,1040854.87,447777.89,2997,43.02
2025-09-01,1152535.43,1054386.16,468183.98,2952,44.40
2025-09-02,1106186.76,998901.06,436610.76,2774,43.71
2025-09-03,1155517.56,1048613.01,456001.49,2877,43.49
2025-09-04,1155779.80,1053757.36,473224.22,2889,44.91
2025-09-05,1114980.33,1009114.86,435407.01,2968,43.15
2025-09-06,1171871.58,1058909.51,460970.35,2951,43.53
2025-09-07,1171737.76,1070027.66,461221.80,2979,43.10
2025-09-08,1099562.19,1000861.99,447393.87,2791,44.70
2025-09-09,1117899.97,1011263.10,437954.46,2952,43.31
2025-09-10,1159852.83,1047326.50,462685.10,2933,44.18
2025-09-11,1058374.29,964584.38,425490.27,2743,44.11
2025-09-12,1137131.12,1029334.04,453264.80,2872,44.03
2025-09-13,1087719.64,983258.15,425387.09,2787,43.26
2025-09-14,1110341.56,1005764.63,438649.41,2963,43.61
2025-09-15,1162058.31,1048323.93,457907.76,3045,43.68
2025-09-16,1141858.30,1038346.45,455855.84,2977,43.90
2025-09-17,1129521.83,1025252.96,454798.02,2820,44.36
2025-09-18,1198114.61,1085676.77,476719.76,2963,43.91
2025-09-19,1140823.47,1036091.33,460588.69,2882,44.45
2025-09-20,1184092.13,1075453.51,466820.86,3115,43.41
2025-09-21,1097838.08,994396.75,433471.07,2874,43.59
2025-09-22,1113004.46,999421.12,429716.28,2887,43.00
2025-09-23,1144404.81,1041795.66,463802.49,2875,44.52
2025-09-24,1162470.81,1051282.58,456296.30,2901,43.40
2025-09-25,1162291.40,1058247.85,465654.84,2866,44.00
2025-09-26,1172486.84,1068416.38,470715.71,3096,44.06
2025-09-27,1125366.02,1023977.50,443321.49,2986,43.29
2025-09-28,1094749.06,992803.06,426446.03,2871,42.95
2025-09-29,1152533.57,1042746.15,460072.92,2890,44.12
2025-09-30,1126448.54,1022155.19,454118.23,2840,44.43
2025-10-01,1025854.09,940000.33,419205.75,2718,44.60
2025-10-02,1176855.80,1068539.84,470536.19,2974,44.04
2025-10-03,1178427.08,1072909.49,473383.76,3035,44.12
2025-10-04,1096729.87,997988.30,435960.50,2857,43.68
2025-10-05,1203311.30,1086474.33,483541.24,2987,44.51
2025-10-06,1160712.86,1059036.86,466245.16,3138,44.03
2025-10-07,1032459.95,933051.28,401696.09,2744,43.05
2025-10-08,1139998.89,1028937.55,449033.66,2908,43.64
2025-10-09,1202282.11,1068795.19,453292.35,3097,42.41
2025-10-10,1208515.82,1103359.31,487986.39,3003,44.23
2025-10-11,1118410.80,1011653.88,438014.62,3025,43.30
2025-10-12,1064027.84,966469.46,413402.19,2817,42.77
2025-10-13,1244332.29,1121396.83,487856.88,3096,43.50
2025-10-14,1180187.06,1067129.00,468983.30,3000,43.95
2025-10-15,1146898.47,1042502.11,449608.76,2839,43.13
2025-10-16,1230608.53,1107551.19,479397.78,3070,43.28
2025-10-17,1186251.94,1071412.28,474901.16,2987,44.32
2025-10-18,1234648.20,1120979.83,503593.07,2963,44.92
2025-10-19,1041705.20,944275.01,415028.29,2802,43.95
2025-10-20,1152295.47,1042276.59,442354.02,2926,42.44
2025-10-21,1255033.10,1131917.64,501073.08,3094,44.27
2025-10-22,1203561.22,1100151.78,485569.06,3068,44.14
2025-10-23,1088542.04,984539.61,435133.96,2723,44.20
2025-10-24,1166133.18,1053633.80,455768.18,2931,43.26
2025-10-25,1235783.63,1123313.86,504589.29,3112,44.92
2025-10-26,1163354.29,1054741.54,446518.71,3005,42.33
2025-10-27,1173003.52,1063863.88,467339.56,2913,43.93
2025-10-28,1041214.53,941391.75,401116.15,2639,42.61
2025-10-29,1166761.00,1064164.83,477592.11,2943,44.88
2025-10-30,1131281.11,1027681.38,456124.56,2879,44.38
2025-10-31,1153839.94,1043674.31,450190.31,2916,43.14
2025-11-01,1077114.27,979883.01,422535.01,2862,43.12
2025-11-02,1173757.00,1063119.78,463417.83,2991,43.59
2025-11-03,1060527.74,957953.53,412799.50,2720,43.09
2025-11-04,1206923.10,1094776.17,484198.60,3013,44.23
2025-11-05,1221070.83,1101970.89,487709.78,3143,44.26
2025-11-06,1087730.02,994946.67,448239.54,2827,45.05
2025-11-07,1117111.85,1012175.16,455308.80,2928,44.98
2025-11-08,1199163.54,1077788.50,464563.53,3191,43.10
2025-11-09,1103146.30,999699.38,448278.51,2905,44.84
2025-11-10,1224421.65,1110853.35,493465.66,3074,44.42
2025-11-11,1101850.25,995336.58,434211.59,2773,43.62
2025-11-12,1076053.02,978297.47,428546.68,2790,43.81
2025-11-13,1192497.33,1076123.42,467555.91,2977,43.45
2025-11-14,1270943.90,1157214.86,510009.28,3208,44.07
2025-11-15,1133970.16,1010531.77,432688.80,2955,42.82
2025-11-16,1226426.53,1113530.62,484962.02,3189,43.55
2025-11-17,1093103.70,981465.01,415562.01,2889,42.34
2025-11-18,1200001.92,1076997.05,461920.11,3091,42.89
2025-11-19,1167487.44,1055772.41,461529.09,2899,43.71
2025-11-20,1212457.85,1091797.73,463851.75,3132,42.49
2025-11-21,1152175.01,1053481.64,472579.44,2916,44.86
2025-11-22,1085716.89,996581.14,425149.73,2833,42.66
2025-11-23,1092692.34,993272.28,434057.79,2926,43.70
2025-11-24,1109785.82,1012177.56,443160.63,2827,43.78
2025-11-25,1172488.71,1057485.59,451892.81,2983,42.73
2025-11-26,1112830.36,999418.28,427459.25,2766,42.77
2025-11-27,1126881.52,1024957.84,445438.51,2899,43.46
2025-11-28,1280298.62,1158421.39,503695.21,3206,43.48
2025-11-29,1182770.07,1072377.67,475265.47,2978,44.32
2025-11-30,1091109.85,977100.92,411052.44,2856,42.07
2025-12-01,1159186.43,1045273.95,449354.99,2959,42.99
2025-12-02,1132433.51,1020102.83,452660.98,2915,44.37
2025-12-03,1179444.89,1078231.60,487802.45,2991,45.24
2025-12-04,1143774.73,1042141.42,462864.50,2915,44.41
2025-12-05,1152646.68,1049872.71,457341.41,2966,43.56
2025-12-06,1144664.81,1034932.86,463481.81,2945,44.78
2025-12-07,1032774.37,936672.95,399810.73,2735,42.68
2025-12-08,1108755.79,1002537.04,434607.13,2789,43.35
2025-12-09,1158757.75,1050337.13,446335.10,3063,42.49
2025-12-10,1099653.38,999426.34,433724.33,2839,43.40
2025-12-11,1217417.46,1103322.77,482270.34,3169,43.71
2025-12-12,1177273.49,1070166.81,472603.63,3012,44.16
2025-12-13,1142800.36,1039868.01,456209.18,2840,43.87
2025-12-14,1150524.18,1040809.00,455514.85,2995,43.77
2025-12-15,1169842.96,1064550.30,474352.74,2961,44.56
2025-12-16,1168596.43,1048420.95,448152.17,2990,42.75
2025-12-17,1113741.66,1015721.89,450014.35,2934,44.30
2025-12-18,1130000.66,1028824.14,445127.50,2869,43.27
2025-12-19,1090281.18,991167.59,440478.53,2961,44.44
2025-12-20,1155724.75,1049935.62,447397.96,3010,42.61
2025-12-21,1179244.61,1070617.85,475007.83,2992,44.37
2025-12-22,1147353.28,1040534.33,447319.11,2922,42.99
2025-12-23,1249522.92,1129553.83,494690.86,3126,43.80
2025-12-24,1167648.72,1065815.69,470691.89,3006,44.16
2025-12-25,1082253.74,981862.96,423477.19,2902,43.13
2025-12-26,1151654.85,1039538.12,452984.91,2922,43.58
2025-12-27,1226097.83,1111617.14,491247.38,3155,44.19
2025-12-28,1199917.53,1092136.23,490297.08,2985,44.89
2025-12-29,1200022.88,1085882.95,477244.20,3003,43.95
2025-12-30,1164233.89,1054596.74,463428.58,2962,43.94
2025-12-31,1147921.73,1041662.09,449875.62,2901,43.19
